{
"Entity": "AGE ID (old)",
"Definition": "<p>The unique identifier issued to schools by the Federal Government for the purpose of its data collections. The AGE ID (old) identifies campuses, rather than schools. The AGE Id is available through the <a href='https://asl.acara.edu.au'>Australian Schools List</a>, but only in XML and JSON format, not in Excel or Online view.</p> <p>The old AGE ID is in the process of being replaced by a new AGE ID as of this writing, which identifies schools.</p>",
"SIF": [
  {
    "XPath": [
      "/SchoolInfo/CommonwealthId"
    ],
    "Datestamp": "Latest version: 3.4.9, 2021-11-30",
    "Definition": "Commonwealth identifier for this school/campus."
  }
],
"OtherStandards": [
  {
    "Standard": "IMS One Roster",
    "Link": [
      "https://www.imsglobal.org/sites/default/files/spec/oneroster/v1p2/rostering-informationmodel/OneRosterv1p2RosteringService_InfoModelv1p0.html#DataAttribute_Org_identifier"
    ],
    "Path": [
      "/School/Identifier",
      "/Org/Identifier"
    ],
    "Definition": "Human readable identifier for this org e.g. NCES ID.",
    "Commentary": "IMS One Roster only allows one identifier for its schools, and that identifier will typically be the local or state identifier, rather than a national identifier, given the use cases One Roster is intended for."
  },
  {
    "Standard": "IMS LTI",
    "Link": [],
    "Path": [],
    "Definition": "",
    "Commentary": "Not modelled."
  },
  {
    "Standard": "Google Classroom",
    "Link": [],
    "Path": [],
    "Definition": "",
    "Commentary": "Not modelled."
  }  
],
"LegalDefinitions": [
],
"Collections": [
  {
    "Name": "Australian Government Financial Questionnaire Collection",
    "Description": "Primary subject matter of collection.", 
    "Standard": "SIF-AU",
    "Elements": [
      "/FinancialQuestionnaireCollection/FQReportingList/FQReporting/CommonwealthId"
    ]
  },
  {
    "Name": "Australian Government Address Collection",
    "Description": "Primary subject matter of collection.", 
    "Standard": "SIF-AU",
    "Elements": [
      "/AddressCollection/AddressCollectionReportingList/AddressCollectionReporting/CommonwealthId"
    ]
  },
  {
    "Name": "Australian Government Census Collection",
    "Description": "Primary subject matter of collection.", 
    "Standard": "SIF-AU",
    "Elements": [
      "/CensusCollection/CensusCollectionReportingList/CensusCollectionReporting/CommonwealthId"
    ]
  },
  {
    "Name": "Australian Government Student Attendance Collection",
    "Description": "Primary subject matter of collection.", 
    "Standard": "SIF-AU",
    "Elements": [
      "/StudentAttendanceCollection/StudentAttendanceCollectionReportingList/StudentAttendanceCollectionReporting/CommonwealthId"
    ]
  }
],
"Metadata": {
"Identifier": "0009",
"Type": "Element",
"DefaultParent": [
  "School"
],
"Superclass": [
  "School Identifier"
]
}
}
