{
"Entity": "Contact",
"Definition": "<p>Information on an individual designated to act as a contact point for an organisation, and the means of contacting them.</p>",
"SIF": [
  {
    "XPath": [
      "/SchoolInfo/StateProvinceId",
      "/AddressCollection/AddressCollectionReportingList/AddressCollectionReporting/EntityContact",
"/CensusCollection/CensusReportingList/CensusReporting/EntityContact",
"/FinancialQuestionnaireCollection/FQReportingList/FQReporting/EntityContact",
"/StudentAttendanceCollection/StudentAttendanceReportingList/StudentAttendanceReporting/EntityContact"

    ],
    "Datestamp": "Latest version: 3.4.9, 2021-11-30",
    "Definition": "The state-assigned identifier for this school."
  }
],
"OtherStandards": [
  {
    "Standard": "IMS One Roster",
    "Link": [
      "https://www.imsglobal.org/sites/default/files/spec/oneroster/v1p2/rostering-informationmodel/OneRosterv1p2RosteringService_InfoModelv1p0.html#DataAttribute_Org_identifier"
    ],
    "Path": [
      "/School/Identifier",
      "/Org/Identifier"
    ],
    "Definition": "Human readable identifier for this org e.g. NCES ID.",
    "Commentary": "IMS One Roster only allows one identifier for its schools, and that identifier will typically be the local or state identifier, given the use cases One Roster is intended for."
  },
  {
    "Standard": "IMS LTI",
    "Link": [],
    "Path": [],
    "Definition": "",
    "Commentary": "Not modelled."
  },
  {
    "Standard": "Google Classroom",
    "Link": [],
    "Path": [],
    "Definition": "",
    "Commentary": "Not modelled."
  }  
],
"LegalDefinitions": [
],
"Collections": [
  {
    "Name": "Australian Charities and Not-For-Profits Commission Registration",
    "Description": "Primary subject matter of collection.",
    "Commentary": "State-scoped identifiers include Organisation's Incorporated Association Number."
  }
],
"Metadata": {
"Identifier": "0012",
"Type": "Element",
"DefaultParent": [
  "Organization"
],
"Superclass": [
  "Staff"
],
"ExpectedAttributes": [
  "Person Name",
  "Position Title",
  "Role",
  "Address",
  "Email",
  "Phone"
]
}
}
