{
"Entity": "Country of Birth",
"Definition": "<p>The country that an individual was born in.</p>",
"SIF": [
  {
    "XPath": [
      "/StudentPersonal/PersonInfo/Demographics/CountryOfBirth",
      "/StaffPersonal/PersonInfo/Demographics/CountryOfBirth",
      "/StudentContactPersonal/PersonInfo/Demographics/CountryOfBirth"
    ],
    "Datestamp": "Latest version: 3.4.9, 2021-11-30",
    "Definition": "The person's country of birth.",
    "Commentary": "Code for country selected from ABS 1269.0 - Standard Australian Classification of Countries (SACC)."
  }
],
"OtherStandards": [
  {
    "Standard": "IMS One Roster",
    "Link": [
      "https://www.imsglobal.org/sites/default/files/spec/oneroster/v1p2/rostering-informationmodel/OneRosterv1p2RosteringService_InfoModelv1p0.html#DataAttribute_Demographics_countryOfBirthCode"
    ],
    "Path": [
      "/Demographics/countryOfBirthCode"
    ],
    "Definition": "The country of birth code. The permitted vocabulary should be defined as part of the adoption and deployment process."
  }
],
"LegalDefinitions": [
],
"Collections": [
  {
    "Name": "NAPLAN Student Registration",
    "Description": "Student", 
    "Standard": "SIF-AU",
    "Elements": [
      "/StudentPersonal/PersonInfo/Demographics/CountryOfBirth"
    ],
    "Commentary": "Student’s country of birth."
  }
],
"Metadata": {
"Identifier": "0026",
"Type": "Element",
"DefaultParent": [
  "Person"
],
"Superclass": [
]
}
}

