{
"Entity": "Date of birth",
"Definition": "<p>The date of birth of an individual.</p>",
"SIF": [
  {
    "XPath": [
      "/StudentPersonal/PersonInfo/Demographics/BirthDate",
      "/StaffPersonal/PersonInfo/Demographics/BirthDate",
      "/StudentContactPersonal/PersonInfo/Demographics/BirthDate"
    ],
    "Datestamp": "Latest version: 3.4.9, 2021-11-30",
    "Definition": "The person's date of birth."
  }
],
"OtherStandards": [
  {
    "Standard": "IMS One Roster",
    "Link": [
      "https://www.imsglobal.org/sites/default/files/spec/oneroster/v1p2/rostering-informationmodel/OneRosterv1p2RosteringService_InfoModelv1p0.html#DataAttribute_Demographics_birthDate"
    ],
    "Path": [
      "/Demographics/birthDate"
    ],
    "Definition": "The date of birth. The format is [ISO 8601] of 'YYYY-MM-DD'."
  }
],
"LegalDefinitions": [
],
"Collections": [
  {
    "Name": "NAPLAN Student Registration",
    "Description": "Student", 
    "Standard": "SIF-AU",
    "Elements": [
      "/StudentPersonal/PersonInfo/Demographics/BirthDate"
    ],
    "Commentary": "Student’s Date of Birth. Format: yyyy-mm-dd"
  }
],
"Metadata": {
"Identifier": "0030221",
"Type": "Element",
"DefaultParent": [
  "Person"
],
"Superclass": [
  "Date"
]
}
}

