{
"Entity": "Education support",
"Definition": "<p>The country that an individual was born in.</p>",
"SIF": [
  {
    "XPath": [
      "/StudentPersonal/EducationSupport"
    ],
    "Datestamp": "Latest version: 3.4.9, 2021-11-30",
    "Definition": "Is the student in receipt of education support?"
  }
],
"OtherStandards": [
],
"LegalDefinitions": [
],
"Collections": [
  {
    "Name": "NAPLAN Student Registration",
    "Description": "Student", 
    "Standard": "SIF-AU",
    "Elements": [
      "/StudentPersonal/EducationSupport"
    ],
    "Commentary": "Is the student in receipt of education support?"
  }
],
"Metadata": {
"Identifier": "0026",
"Type": "Element",
"DefaultParent": [
  "Person"
],
"Superclass": [
]
}
}

