{
"Entity": "Indigenous status",
"Definition": "<p>Code indicating that the individual identifies as a member of the First Nations of Australia.</p>",
"SIF": [
  {
    "XPath": [
      "/StudentPersonal/PersonInfo/Demographics/IndigenousStatus"
    ],
    "Datestamp": "Latest version: 3.4.9, 2021-11-30",
    "Definition": "<p>Whether or not the person identifies themselves as being of Aboriginal and/or Torres Strait Islander descent.</p>"
  }
],
"OtherStandards": [
  {
    "Standard": "IMS One Roster",
    "Link": [
      "https://www.imsglobal.org/sites/default/files/spec/oneroster/v1p2/rostering-https://www.imsglobal.org/sites/default/files/spec/oneroster/v1p2/rostering-informationmodel/OneRosterv1p2RosteringService_InfoModelv1p0.html#DataAttribute_Demographics_americanIndianOrAlaskaNative"
    ],
    "Path": [
      "/Demographics/americanIndianOrAlaskaNative"
    ],
    "Definition": "Identification of whether or not the user is an American Indian or Alaska Native ethnicity.",
    "Commentary": "Standards devised for the US market respond to US legal categorisations of ethnicity and race, which are quite different to those applicable in Australia. This is the closest functional equivalent in One Roster, if that specification were to be used in Australia unmodified; someone or Aboriginal and/or Torres Strait Islander descent living in the US would likelier find themselves categorised as blackOrAfricanAmerican or nativeHawaiianOrOtherPacificIslander."
  },
  {
    "Standard": "ACARA Data Standards Manual",
    "Link": [
      "https://www.acara.edu.au/docs/default-source/default-document-library/data-standards-manual---student-background-characteristics---2022-edition561c2f404c94637ead88ff00003e0139.pdf?sfvrsn=e5884c07_0"
    ],
    "Path": [
      "Aboriginal and/or Torres Strait Islander status"
    ],
    "Definition": "A student is considered to be an Aboriginal and/or Torres Strait Islander student if they identify as being of Aboriginal and/or Torres Strait Islander origin. The term 'origin' is considered to relate to people's Australian Aboriginal or Torres Strait Islander descent and for some, but not all, their cultural identity. A student who identifies as a First Nations student is also considered to be Aboriginal and/or Torres Strait Islander origin."
  }
],
"LegalDefinitions": [
  {
    "LegislationName": "Australian Education Regulations 2013",
    "Citation": "§16",
    "Scope": "Commonweatlh",
    "Link": "http://www.austlii.edu.au/cgi-bin/viewdoc/au/legis/cth/consol_reg/aer2013301/s16.html",
    "Datestamp": "2020-12-01",
    "Definition": "<p>For the definition of Aboriginal and Torres Strait Islander student in section 6 of the Act, a student is an Aboriginal and Torres Strait Islander student if: <ol><li>either or both of the following apply: <ol><li>the student is of Aboriginal descent;</li> <ol><li>the student is of Torres Strait Islander descent; and</li></ol></li> <li>the student identifies as a person of that descent; and</li> <li>the student is accepted by the community in which he or she lives as being of that descent.</li></ol></p>"
  }
],
"Collections": [
  {
    "Name": "NAPLAN Student Registration",
    "Description": "Student", 
    "Standard": "SIF-AU",
    "Elements": [
      "/StudentPersonal/PersonInfo/Demographics/IndigenousStatus"
    ],
    "Commentary": "Whether or not the student identifies themselves as being of Aboriginal and/or Torres Strait Islander descent.  Refer to Data Standards Manual published by ACARA."
  }
],
"Metadata": {
"Identifier": "0029",
"Type": "Element",
"DefaultParent": [
  "Person"
],
"Superclass": [
]
}
}

