{
"Entity": "Parent School Education",
"Definition": "<p>The highest year of primary or secondary education a parent/guardian/carer has completed.</p>",
"SIF": [
  {
    "XPath": [
      "/StudentPersonal/MostRecent/Parent1SchoolEducation",
      "/StudentContactPersonal/SchoolEducationalLevel",
      "/StudentPersonal/MostRecent/Parent2SchoolEducation"
    ],
    "Datestamp": "Latest version: 3.4.9, 2021-11-30",
    "Definition": "The highest level of education completed by the contact person."
  }
],
"OtherStandards": [
  {
    "Standard": "ACARA Data Standards Manual",
    "Link": [
      "https://www.acara.edu.au/docs/default-source/default-document-library/data-standards-manual---student-background-characteristics---2022-edition561c2f404c94637ead88ff00003e0139.pdf?sfvrsn=e5884c07_0"
    ],
    "Path": [
      "Parental School Education"
    ],
    "Definition": "Parental school education’ is the highest year of primary or secondary education a parent/guardian/carer has completed.",
    "Commentary": "Parent/guardian/carers should retain their original designations as Parent 1 and Parent 2 for the duration of the student’s enrolment and upon enrolment of siblings with the same parents at the school unless there is a change of circumstances. Values: 4=Year 12 or equivalent, 3=Year 11 or equivalent, 2=Year 10 or equivalent, 1=Year 9 or equivalent or below, 0=Not Stated/Unknown."
  }
  ],
"LegalDefinitions": [
],
"Collections": [
  {
    "Name": "NAPLAN Student Registration",
    "Description": "Student", 
    "Standard": "SIF-AU",
    "Elements": [
      "/StudentPersonal/MostRecent/Parent1SchoolEducation",
      "/StudentPersonal/MostRecent/Parent2SchoolEducation"
    ],
    "Commentary": "The highest level of school education completed by Parent1/Parent2."
  }
],
"Metadata": {
"Identifier": "003044",
"Type": "Element",
"DefaultParent": [
  "Student"
],
"Superclass": [
],
"CrossrefEntities": [
  "Parent Non-School Education",
  "Parent Occupation",
  "Parent Main Language Other than English"
]
}
}

