{
"Entity": "Person.MiddleName",
"Definition": "<p>The middle name of an individual. Differentiation between multiple given names and given plus middle names is culture-specific.</p>",
"SIF": [
  {
    "XPath": [
      "/StudentPersonal/PersonInfo/Name/MiddleName",
      "/StudentPersonal/PersonInfo/OtherNames/OtherName/MiddleName",
      "/StaffPersonal/PersonInfo/Name/MiddleName",
      "/StaffPersonal/PersonInfo/OtherNames/OtherName/MiddleName",
      "/StudentContactPersonal/PersonInfo/Name/MiddleName",
      "/StudentContactPersonal/PersonInfo/OtherNames/OtherName/MiddleName"
    ],
    "Datestamp": "Latest version: 3.4.9, 2021-11-30",
    "Definition": "All other given or middle names, each separated with a single space character."
  }
],
"OtherStandards": [
  {
    "Standard": "IMS One Roster",
    "Link": [
      "https://www.imsglobal.org/sites/default/files/spec/oneroster/v1p2/rostering-informationmodel/OneRosterv1p2RosteringService_InfoModelv1p0.html#Data_User"
    ],
    "Path": [
      "/User/middleName",
      "/Student/middleName",
      "/Teacher/middleName",
      "/User/preferredMiddleName",
      "/Student/preferredMiddleName",
      "/Teacher/preferredMiddleName"
    ],
    "Definition": "middleName: The set of middle names. If more than one middle name is needed separate using a space e.g. 'Wingarde Granville'.  preferredMiddleName is the user's preferred middle name(s)."
  }
],
"LegalDefinitions": [
  {
    "LegislationName": "Births Deaths and Marriages Act 1996 VIC",
    "Citation": "§22",
    "Link": "http://www8.austlii.edu.au/cgi-bin/viewdoc/au/legis/vic/consol_act/bdamra1996383/s22.html",
    "Datestamp": "2020-12-01",
    "Definition": "<p><ol type='1'><li>The birth registration statement must state the name of the child.</li> <li>However, the Registrar may assign a name to the child if— <ol type='a'><li>the name stated in the birth registration statement is a prohibited name; or</li> <li>the birth registration statement is lodged by both parents of the child and they satisfy the Registrar that they are unable to agree on the child's name.</li></ol></li></ol></p>",
    "Commentary": "Similar definitions in other state Births Deaths and Marriages Acts"
  }
],
"Collections": [
  {
    "Name": "Australian Government Financial Questionnaire Collection",
    "Description": "Contact person for collection.", 
    "Standard": "SIF-AU",
    "Elements": [
      "/FinancialQuestionnaireCollection/FQReportingList/FQReporting/EntityContact/Name/MiddleName"
    ],
    "DefinitionModification": "Per Education Act: Distance-Education–only schools not counted."
  },
  {
    "Name": "Australian Government Address Collection",
    "Description": "Contact person for collection.", 
    "Standard": "SIF-AU",
    "Elements": [
      "/AddressCollection/ AddressCollectionReportingList/AddressCollectionReporting/EntityContact/Name/MiddleName"
    ]
  },
  {
    "Name": "Australian Government Census Collection",
    "Description": "Contact person for collection.", 
    "Standard": "SIF-AU",
    "Elements": [
      "/CensusCollection/CensusReportingList/CensusReporting/EntityContact/Name/MiddleName"
    ],
    "DefinitionModification": "Per Education Act: Distance-Education–only schools not counted."
  },
  {
    "Name": "Australian Government Student Attendance Collection",
    "Description": "Contact person for collection.", 
    "Standard": "SIF-AU",
    "Elements": [
      "/StudentAttendanceCollection/StudentAttendanceCollectionReportingList/StudentAttendanceCollectionReporting/EntityContact/Name/MiddleName"
    ]
  },
  {
    "Name": "Australian Charities and Not-For-Profits Commission Registration",
    "Description": "Contact person for collection."
  },
  {
    "Name": "NAPLAN Student Registration",
    "Description": "Student", 
    "Standard": "SIF-AU",
    "Elements": [
      "/StudentPersonal/PersonInfo/Name/MiddleName"
    ],
    "Commentary": "The student's middle name."
  }
],
"Metadata": {
"Identifier": "0023",
"Type": "Element",
"DefaultParent": [
  "Person Name"
],
"Superclass": [
  "Person Name"
],
"CrossrefEntities": [
  "Person.FullName",
  "Person.FamilyName",
  "Person.GivenName"
]
}
}

