{
"Entity": "Previous Jurisdiction Student Identifier",
"Definition": "<p>Identifier assigned to a student by a jurisdiction, such as a state department of education.</p>",
"SIF": [
  {
    "XPath": [
      "/StudentPersonal/OtherIdList/OtherId[@Type = 'PreviousJurisdictionStudentId']"
    ],
    "Datestamp": "Latest version: 3.4.9, 2021-11-30",
    "Definition": "Lists an 'other' identifier associated with the entity."
  }
],
"OtherStandards": [
],
"LegalDefinitions": [
],
"Collections": [
  {
    "Name": "NAPLAN Student Registration",
    "Description": "Student", 
    "Standard": "SIF-AU",
    "Elements": [
      "/StudentPersonal/OtherIdList/OtherId[@Type = 'PreviousJurisdictionStudentId']"
    ],
    "Commentary": "Previous jurisdiction student identifier."
  }
],
"Metadata": {
"Identifier": "0030214",
"Type": "Element",
"DefaultParent": [
  "Student"
],
"Superclass": [
  "Student Identifier"
],
"CrossrefEntities": [
  "Jurisdiction Student Identifier"
]
}
}

