{
"Entity": "Previous Sector Student Identifier",
"Definition": "<p>Obsolete identifier assigned to a student by an education sector.</p>",
"SIF": [
  {
    "XPath": [
      "/StudentPersonal/OtherIdList/OtherId[@Type = 'PreviousSectorStudentId']"
    ],
    "Datestamp": "Latest version: 3.4.9, 2021-11-30",
    "Definition": "Lists an 'other' identifier associated with the entity."
  }
],
"OtherStandards": [
],
"LegalDefinitions": [
],
"Collections": [
  {
    "Name": "NAPLAN Student Registration",
    "Description": "Student", 
    "Standard": "SIF-AU",
    "Elements": [
      "/StudentPersonal/OtherIdList/OtherId[@Type = 'PreviousSectorStudentId']"
    ],
    "Commentary": "Previous identifier applied by a school sector."
  }
],
"Metadata": {
"Identifier": "0030210",
"Type": "Element",
"DefaultParent": [
  "Student"
],
"Superclass": [
  "Student Identifier"
],
"CrossrefEntities": [
  "Sector Student Identifier"
]
}
}

