{
"Entity": "Previous TAA Student Identifier",
"Definition": "<p>Obsolete identifier assigned to a student by a test administration authority.</p>",
"SIF": [
  {
    "XPath": [
      "/StudentPersonal/OtherIdList/OtherId[@Type = 'PreviousTAAStudentId']"
    ],
    "Datestamp": "Latest version: 3.4.9, 2021-11-30",
    "Definition": "Lists an 'other' identifier associated with the entity."
  }
],
"OtherStandards": [
],
"LegalDefinitions": [
],
"Collections": [
  {
    "Name": "NAPLAN Student Registration",
    "Description": "Student", 
    "Standard": "SIF-AU",
    "Elements": [
      "/StudentPersonal/OtherIdList/OtherId[@Type = 'PreviousTAAStudentId']"
    ],
    "Commentary": "Previous identifier assigned by and used by TAA for NAPLAN processing."
  }
],
"Metadata": {
"Identifier": "0030213",
"Type": "Element",
"DefaultParent": [
  "Student"
],
"Superclass": [
  "Student Identifier"
],
"CrossrefEntities": [
  "TAA Student Identifier"
]
}
}

