{
"Entity": "Statewide School ID",
"Definition": "<p>The unique identifier issued to schools by an authority with Statewide scope. The identifier may have scope over just government schools, or Catholic schools in one or more dioceses, or it may have scope over all schools in the state. The authority issuing the identifiers may be either the state department of education, or the state curriculum and test authority.</p>",
"SIF": [
  {
    "XPath": [
      "/SchoolInfo/StateProvinceId"
    ],
    "Datestamp": "Latest version: 3.4.9, 2021-11-30",
    "Definition": "The state-assigned identifier for this school."
  }
],
"OtherStandards": [
  {
    "Standard": "IMS One Roster",
    "Link": [
      "https://www.imsglobal.org/sites/default/files/spec/oneroster/v1p2/rostering-informationmodel/OneRosterv1p2RosteringService_InfoModelv1p0.html#DataAttribute_Org_identifier"
    ],
    "Path": [
      "/School/Identifier",
      "/Org/Identifier"
    ],
    "Definition": "Human readable identifier for this org e.g. NCES ID.",
    "Commentary": "IMS One Roster only allows one identifier for its schools, and that identifier will typically be the local or state identifier, given the use cases One Roster is intended for."
  },
  {
    "Standard": "IMS LTI",
    "Link": [],
    "Path": [],
    "Definition": "",
    "Commentary": "Not modelled."
  },
  {
    "Standard": "Google Classroom",
    "Link": [],
    "Path": [],
    "Definition": "",
    "Commentary": "Not modelled."
  }  
],
"LegalDefinitions": [
],
"Collections": [
  {
    "Name": "Australian Charities and Not-For-Profits Commission Registration",
    "Description": "Primary subject matter of collection.",
    "Commentary": "State-scoped identifiers include Organisation's Incorporated Association Number."
  }
],
"Metadata": {
"Identifier": "0011",
"Type": "Element",
"DefaultParent": [
  "School"
],
"Superclass": [
  "School Identifier"
]
}
}
