{
"Entity": "Australian Government Student Attendance Collection",
"Definition": "<p>Annual data collection exercise for Australian Commonwealth government to gather information about student attendance in non-government schools.</p>",
"URL": [
  "https://schools.education.gov.au/SchoolsHub/articlehelp/?subjectid=735f2bde-0efc-e811-9158-02720401ef44",
  "http://specification.sifassociation.org/Implementation/AU/3.4.9/AustralianGovernmentCollections.html#obj:StudentAttendanceCollection"
  ],
"Metadata": {
"Identifier": "00103",
"Type": "Collection"
}
}

